0,0,0,0,0,0,true,0,false,,0,rejected,0
0,0,0,0,317,0,true,1,57070F0CADFCF91410728940E836276446B1C1BC,0.007396,true,57070F0CADFCF91410728940E836276446B1C1BC,0.007396,accepted,0
24,0,1.015582,2,640,0,true,24,57070F0CADFCF91410728940E836276446B1C1BC,0.007396,57070F0CADFCF91410728940E836276446B1C1BC,0.005135,57070F0CADFCF91410728940E836276446B1C1BC,0.006102,57070F0CADFCF91410728940E836276446B1C1BC,0.00569,57070F0CADFCF91410728940E836276446B1C1BC,0.007084,57070F0CADFCF91410728940E836276446B1C1BC,0.006096,57070F0CADFCF91410728940E836276446B1C1BC,0.007052,57070F0CADFCF91410728940E836276446B1C1BC,0.008052,57070F0CADFCF91410728940E836276446B1C1BC,0.004295,57070F0CADFCF91410728940E836276446B1C1BC,0.007097,57070F0CADFCF91410728940E836276446B1C1BC,0.008051,57070F0CADFCF91410728940E836276446B1C1BC,0.006073,57070F0CADFCF91410728940E836276446B1C1BC,0.007666,57070F0CADFCF91410728940E836276446B1C1BC,0.008065,57070F0CADFCF91410728940E836276446B1C1BC,0.006357,57070F0CADFCF91410728940E836276446B1C1BC,0.007092,57070F0CADFCF91410728940E836276446B1C1BC,0.007006,57070F0CADFCF91410728940E836276446B1C1BC,0.007103,57070F0CADFCF91410728940E836276446B1C1BC,0.006685,57070F0CADFCF91410728940E836276446B1C1BC,0.006977,57070F0CADFCF91410728940E836276446B1C1BC,0.007167,57070F0CADFCF91410728940E836276446B1C1BC,0.005717,57070F0CADFCF91410728940E836276446B1C1BC,0.006289,57070F0CADFCF91410728940E836276446B1C1BC,0.008038,true,57070F0CADFCF91410728940E836276446B1C1BC,0.008038,accepted,0
